{
  "$schema": "https://json.schemastore.org/nest-cli",
  "collection": "@nestjs/schematics",
  "sourceRoot": "apps/monorepo-nest/src",
  "compilerOptions": {
    "deleteOutDir": true,
    "webpack": true,
    "tsConfigPath": "apps/monorepo-nest/tsconfig.app.json"
  },
  "monorepo": true,
  "root": "apps/monorepo-nest",
  "projects": {
    "monorepo-nest": {
      "type": "application",
      "root": "apps/monorepo-nest",
      "entryFile": "main",
      "sourceRoot": "apps/monorepo-nest/src",
      "compilerOptions": {
        "tsConfigPath": "apps/monorepo-nest/tsconfig.app.json"
      }
    },
    "fed-ex_app": {
      "type": "application",
      "root": "apps/fed-ex_app",
      "entryFile": "main",
      "sourceRoot": "apps/fed-ex_app/src",
      "compilerOptions": {
        "tsConfigPath": "apps/fed-ex_app/tsconfig.app.json"
      }
    }
  }
}